[
    {
        "id": 1,
        "name": "Pizza Salami",
        "description": "Indulge in the rich flavors of our Pizza Salami, featuring a tantalizing combination of spicy salami slices, melted mozzarella cheese, tangy tomato sauce, and a sprinkle of aromatic herbs. Each bite is a burst of savory goodness, perfect for satisfying your pizza cravings. Whether you're enjoying a meal with family or hosting a casual gathering with friends, our Pizza Salami is sure to be a crowd-pleaser.",
        "image": "/img/product/pizza1.avif",
        "price": 20,
        "category": "food"
    },
    {
        "id": 2,
        "name": "Pizza Margherita",
        "description": "Transport yourself to the bustling streets of Naples with our authentic Pizza Margherita. Crafted with the finest ingredients, including ripe tomatoes, creamy mozzarella cheese, fresh basil leaves, and a drizzle of extra virgin olive oil, each slice is a taste of Italian tradition. Whether you're a purist or an adventurous foodie, our Pizza Margherita promises to delight your taste buds with its harmonious blend of flavors.",
        "image": "/img/product/pizza2.jpg",
        "price": 22,
        "category": "food"
    },
    {
        "id": 3,
        "name": "Strawberry Smoothie",
        "description": "Revitalize your senses with our luscious Strawberry Smoothie, a refreshing blend of ripe strawberries, creamy yogurt, and a hint of honey. Packed with antioxidants and vitamins, this smoothie is the perfect pick-me-up for any time of day. Whether you're starting your morning on the right foot or enjoying a post-workout treat, our Strawberry Smoothie is a guilt-free indulgence that will leave you feeling energized and satisfied.",
        "image": "/img/product/drink1.jpg",
        "price": 12,
        "category": "drinks"
    },
    {
        "id": 4,
        "name": "Orange Juice",
        "description": "Experience the pure essence of sunshine with our freshly squeezed Orange Juice, bursting with vibrant citrus flavor and natural sweetness. Made from handpicked oranges, each glass is a refreshing oasis of vitamin C and essential nutrients. Whether you're starting your day with a nutritious breakfast or quenching your thirst on a hot afternoon, our Orange Juice is a timeless classic that never fails to brighten your day.",
        "image": "/img/product/drink2.webp",
        "price": 12,
        "category": "drinks"
    },
    {
        "id": 5,
        "name": "Chicken Bowl",
        "description": "Savor the hearty goodness of our Chicken Bowl, a delectable combination of tender chicken breast, fluffy rice, crisp vegetables, and savory sauce. Bursting with flavor and nutrition, this wholesome meal is a satisfying choice for lunch or dinner. Whether you're craving a comforting meal at home or fueling up after a workout, our Chicken Bowl is a convenient and delicious option that will leave you feeling nourished and satisfied.",
        "image": "/img/product/ricebowl1.jpg",
        "price": 25,
        "category": "food"
    },
    {
        "id": 6,
        "name": "Vegan Bowl",
        "description": "Elevate your plant-based dining experience with our Vegan Bowl, a vibrant medley of fresh vegetables, protein-rich legumes, and aromatic spices. Bursting with color and flavor, this nourishing bowl is a celebration of nature's bounty. Whether you're following a vegan lifestyle or simply seeking a nutritious meal that tastes as good as it looks, our Vegan Bowl is a delicious choice that will leave you feeling satisfied and energized.",
        "image": "/img/product/ricebowl2.jpg",
        "price": 23,
        "category": "food"
    },
    {
        "id": 7,
        "name": "Mixed Sushi Plate",
        "description": "Embark on a culinary journey with our Mixed Sushi Plate, featuring an exquisite assortment of handcrafted sushi rolls, nigiri, and sashimi. From delicate salmon roses to savory tuna maki, each bite is a symphony of flavors and textures. Whether you're a sushi connoisseur or a first-time adventurer, our Mixed Sushi Plate offers a taste of Japan's rich culinary heritage that will leave you craving more.",
        "image": "/img/product/sushi1.jpeg",
        "price": 30,
        "category": "special"
    },
    {
        "id": 8,
        "name": "Vegan Sushi",
        "description": "Experience the artistry of plant-based cuisine with our Vegan Sushi, a creative reinterpretation of traditional Japanese sushi made entirely from vegan ingredients. From colorful vegetable rolls to innovative tofu nigiri, each piece is a masterpiece of flavor and presentation. Whether you're vegan, vegetarian, or simply curious about plant-based eating, our Vegan Sushi offers a delicious and satisfying dining experience that's good for you and the planet.",
        "image": "/img/product/sushi2.webp",
        "price": 28,
        "category": "special"
    }
  ]
  